{"cameraMode":{"drawMode":0,"name":"Shaded","section":"Shading Mode"},"sceneLighting":true,"audioPlay":false,"sceneViewState":{"showFog":true,"showMaterialUpdate":false,"showSkybox":true,"showFlares":true,"showImageEffects":true,"showParticleSystems":true},"in2DMode":false,"pivot":{"x":-0.19764328002929688,"y":1.773000717163086,"z":2.0877037048339845},"rotation":{"x":-0.1155792698264122,"y":0.873283863067627,"z":-0.25188231468200686,"w":-0.4007168114185333},"size":17.721960067749025,"orthographic":false}